<assembly xmlns="http://maven.apache.org/plugins/maven-assembly-plugin/assembly/1.1.2"
          xmlns:xsi="http://www.w3.org/2001/XMLSchema-instance"
          xsi:schemaLocation="http://maven.apache.org/plugins/maven-assembly-plugin/assembly/1.1.2 http://maven.apache.org/xsd/assembly-1.1.2.xsd">

    <id>standalone</id>
    <includeBaseDirectory>false</includeBaseDirectory>
    <formats>
        <format>dir</format>
        <format>zip</format>
        <format>tar.gz</format>
    </formats>

    <dependencySets>
        <dependencySet>
            <useProjectArtifact>true</useProjectArtifact>
            <outputDirectory>lib</outputDirectory>
            <outputFileNameMapping>${artifact.artifactId}.${artifact.extension}</outputFileNameMapping>
            <includes>
                <include>*:jar</include>
            </includes>
        </dependencySet>
    </dependencySets>

    <fileSets>
        <fileSet>
            <outputDirectory>bin</outputDirectory>
            <directory>src/main/scripts</directory>
            <fileMode>0755</fileMode>
        </fileSet>
        <fileSet>
            <outputDirectory>conf</outputDirectory>
            <directory>src/main/conf</directory>
            <fileMode>0644</fileMode>
        </fileSet>
        <fileSet>
            <outputDirectory>plugins</outputDirectory>
            <directory>src/main/plugins</directory>
            <fileMode>0644</fileMode>
        </fileSet>
        <fileSet>
            <outputDirectory>app</outputDirectory>
            <directory>target/app</directory>
            <fileMode>0644</fileMode>
        </fileSet>
    </fileSets>
</assembly>